,date,open,high,low,close
0,2018-07-31 14:15:00,1.16935,1.16936,1.16855,1.16876
1,2018-07-31 15:00:00,1.16876,1.169105,1.168605,1.16868
2,2018-07-31 16:00:00,1.16868,1.16898,1.16858,1.16893
3,2018-07-31 17:00:00,1.16893,1.169235,1.168835,1.169025
4,2018-07-31 18:00:00,1.169025,1.169115,1.168305,1.168925
5,2018-07-31 19:00:00,1.168925,1.16919,1.168215,1.16852
6,2018-07-31 20:00:00,1.16852,1.168785,1.167975,1.167975
7,2018-07-31 21:00:00,1.167975,1.16831,1.167605,1.16778
8,2018-07-31 22:00:00,1.16778,1.1682,1.167595,1.168025
9,2018-07-31 23:00:00,1.168025,1.16855,1.167225,1.168195
10,2018-08-01 00:00:00,1.168195,1.1694,1.167675,1.16875
11,2018-08-01 01:00:00,1.16875,1.16904,1.168135,1.16818
12,2018-08-01 02:00:00,1.16818,1.168535,1.167725,1.16829
13,2018-08-01 03:00:00,1.16829,1.16873,1.16806,1.168645
14,2018-08-01 04:00:00,1.168645,1.168785,1.168085,1.16864
15,2018-08-01 05:00:00,1.16864,1.169975,1.168315,1.169025
16,2018-08-01 06:00:00,1.169025,1.169195,1.167635,1.167715
17,2018-08-01 07:00:00,1.167715,1.168675,1.166845,1.167265
18,2018-08-01 08:00:00,1.167265,1.16762,1.16641,1.166485
19,2018-08-01 09:00:00,1.166485,1.16691,1.166035,1.166775
20,2018-08-01 10:00:00,1.166775,1.167005,1.165725,1.166795
21,2018-08-01 11:00:00,1.166795,1.16779,1.166145,1.166405
22,2018-08-01 12:00:00,1.166405,1.166575,1.165845,1.166245
23,2018-08-01 13:00:00,1.166245,1.166335,1.16588,1.165965
24,2018-08-01 14:15:00,1.166125,1.16627,1.165825,1.16602
25,2018-08-01 15:00:00,1.16602,1.16646,1.16595,1.166315
26,2018-08-01 16:00:00,1.166315,1.166565,1.16625,1.16634
27,2018-08-01 17:00:00,1.16634,1.166555,1.166045,1.1662
28,2018-08-01 18:00:00,1.1662,1.16677,1.166155,1.166515
29,2018-08-01 19:00:00,1.166515,1.166555,1.165415,1.16547
30,2018-08-01 20:00:00,1.16547,1.165645,1.165065,1.165085
31,2018-08-01 21:00:00,1.165085,1.165275,1.164505,1.164735
32,2018-08-01 22:00:00,1.164735,1.1652,1.16463,1.16506
33,2018-08-01 23:00:00,1.16506,1.165405,1.163015,1.16306
34,2018-08-02 00:00:00,1.16306,1.163675,1.162495,1.16314
35,2018-08-02 01:00:00,1.16314,1.163435,1.16182,1.162005
36,2018-08-02 02:00:00,1.162005,1.16213,1.160755,1.161425
37,2018-08-02 03:00:00,1.161425,1.162475,1.161015,1.16226
38,2018-08-02 04:00:00,1.16226,1.16306,1.16012,1.16174
39,2018-08-02 05:00:00,1.16174,1.162745,1.160725,1.16265
40,2018-08-02 06:00:00,1.16265,1.16323,1.162175,1.16253
41,2018-08-02 07:00:00,1.16253,1.16269,1.16079,1.16118
42,2018-08-02 08:00:00,1.16118,1.161685,1.161145,1.16121
43,2018-08-02 09:00:00,1.16121,1.161985,1.160615,1.16094
44,2018-08-02 10:00:00,1.16094,1.160975,1.15974,1.16016
45,2018-08-02 11:00:00,1.16016,1.16024,1.15842,1.15867
46,2018-08-02 12:00:00,1.15867,1.15989,1.158405,1.158895
47,2018-08-02 13:00:00,1.158895,1.15897,1.158205,1.158445
48,2018-08-02 14:15:00,1.158495,1.15881,1.15831,1.158655
49,2018-08-02 15:00:00,1.158655,1.15876,1.158185,1.15862
50,2018-08-02 16:00:00,1.15862,1.159025,1.158475,1.158525
51,2018-08-02 17:00:00,1.158525,1.158855,1.158175,1.15879
52,2018-08-02 18:00:00,1.15879,1.158995,1.15822,1.158365
53,2018-08-02 19:00:00,1.158365,1.158805,1.15812,1.15878
54,2018-08-02 20:00:00,1.15878,1.159315,1.158745,1.159075
55,2018-08-02 21:00:00,1.159075,1.159315,1.158905,1.159185
56,2018-08-02 22:00:00,1.159185,1.159505,1.15901,1.15908
57,2018-08-02 23:00:00,1.15908,1.15908,1.1577,1.15783
58,2018-08-03 00:00:00,1.15783,1.159085,1.1562,1.1562
59,2018-08-03 01:00:00,1.1562,1.157935,1.15616,1.15792
60,2018-08-03 02:00:00,1.15792,1.15848,1.157455,1.157515
61,2018-08-03 03:00:00,1.157515,1.15797,1.157245,1.157965
62,2018-08-03 04:00:00,1.157965,1.16106,1.157945,1.15962
63,2018-08-03 05:00:00,1.15962,1.16096,1.15854,1.15951
64,2018-08-03 06:00:00,1.15951,1.159835,1.156025,1.157205
65,2018-08-03 07:00:00,1.157205,1.159945,1.157195,1.15901
66,2018-08-03 08:00:00,1.15901,1.160355,1.158785,1.15954
67,2018-08-03 09:00:00,1.15954,1.159965,1.158755,1.159495
68,2018-08-03 10:00:00,1.159495,1.159555,1.15831,1.158375
69,2018-08-03 11:00:00,1.158375,1.158505,1.157265,1.157785
70,2018-08-03 12:00:00,1.157785,1.157925,1.156965,1.157285
71,2018-08-03 13:00:00,1.157285,1.157325,1.15638,1.156775
72,2018-08-05 14:15:00,1.157125,1.1572,1.156725,1.156865
73,2018-08-05 15:00:00,1.156865,1.156955,1.156035,1.15612
74,2018-08-05 16:00:00,1.15612,1.156555,1.15608,1.156155
75,2018-08-05 17:00:00,1.156155,1.15644,1.155705,1.156195
76,2018-08-05 18:00:00,1.156195,1.15687,1.15603,1.15658
77,2018-08-05 19:00:00,1.15658,1.1567,1.156,1.156205
78,2018-08-05 20:00:00,1.156205,1.15652,1.15606,1.156375
79,2018-08-05 21:00:00,1.156375,1.156375,1.15562,1.15573
80,2018-08-05 22:00:00,1.15573,1.155955,1.155115,1.155885
81,2018-08-05 23:00:00,1.155885,1.156535,1.15502,1.15618
82,2018-08-06 00:00:00,1.15618,1.156955,1.155375,1.156475
83,2018-08-06 01:00:00,1.156475,1.15675,1.155505,1.15577
84,2018-08-06 02:00:00,1.15577,1.15644,1.155485,1.156285
85,2018-08-06 03:00:00,1.156285,1.156415,1.153005,1.153775
86,2018-08-06 04:00:00,1.153775,1.154275,1.153085,1.154205
87,2018-08-06 05:00:00,1.154205,1.15471,1.153645,1.154265
88,2018-08-06 06:00:00,1.154265,1.155145,1.154075,1.15436
89,2018-08-06 07:00:00,1.15436,1.156365,1.15436,1.155785
90,2018-08-06 08:00:00,1.155785,1.157045,1.155655,1.15634
91,2018-08-06 09:00:00,1.15634,1.156555,1.15562,1.156205
92,2018-08-06 10:00:00,1.156205,1.156305,1.155165,1.15535
93,2018-08-06 11:00:00,1.15535,1.1558,1.154825,1.155665
94,2018-08-06 12:00:00,1.155665,1.155815,1.155275,1.155385
95,2018-08-06 13:00:00,1.155385,1.155635,1.155215,1.155365
96,2018-08-06 14:15:00,1.1553,1.15559,1.15507,1.155275
97,2018-08-06 15:00:00,1.155275,1.15572,1.155265,1.15567
98,2018-08-06 16:00:00,1.15567,1.15593,1.15558,1.155835
99,2018-08-06 17:00:00,1.155835,1.15622,1.15558,1.15612
100,2018-08-06 18:00:00,1.15612,1.15638,1.155635,1.15584
101,2018-08-06 19:00:00,1.15584,1.15638,1.155775,1.156055
102,2018-08-06 20:00:00,1.156055,1.156125,1.155505,1.15556
103,2018-08-06 21:00:00,1.15556,1.15598,1.155495,1.15578
104,2018-08-06 22:00:00,1.15578,1.155865,1.155135,1.15565
105,2018-08-06 23:00:00,1.15565,1.158375,1.155495,1.158055
106,2018-08-07 00:00:00,1.158055,1.158055,1.15691,1.157715
107,2018-08-07 01:00:00,1.157715,1.15908,1.15735,1.15875
108,2018-08-07 02:00:00,1.15875,1.159395,1.158525,1.159105
109,2018-08-07 03:00:00,1.159105,1.160035,1.15833,1.159685
110,2018-08-07 04:00:00,1.159685,1.160395,1.158975,1.160235
111,2018-08-07 05:00:00,1.160235,1.160825,1.15961,1.160375
112,2018-08-07 06:00:00,1.160375,1.160635,1.159255,1.160515
113,2018-08-07 07:00:00,1.160515,1.160515,1.158605,1.159225
114,2018-08-07 08:00:00,1.159225,1.159955,1.15892,1.159655
115,2018-08-07 09:00:00,1.159655,1.159775,1.1589,1.159325
116,2018-08-07 10:00:00,1.159325,1.159595,1.158355,1.158475
117,2018-08-07 11:00:00,1.158475,1.15949,1.158225,1.159405
118,2018-08-07 12:00:00,1.159405,1.15998,1.159355,1.15972
119,2018-08-07 13:00:00,1.15972,1.159975,1.15972,1.159875
120,2018-08-07 14:15:00,1.16,1.16,1.15955,1.15966
121,2018-08-07 15:00:00,1.15966,1.160055,1.159625,1.16
122,2018-08-07 16:00:00,1.16,1.160485,1.159895,1.16032
123,2018-08-07 17:00:00,1.16032,1.16077,1.159975,1.1601
124,2018-08-07 18:00:00,1.1601,1.160985,1.159975,1.16057
125,2018-08-07 19:00:00,1.16057,1.160865,1.160195,1.160535
126,2018-08-07 20:00:00,1.160535,1.162,1.16051,1.16188
127,2018-08-07 21:00:00,1.16188,1.16283,1.161835,1.16238
128,2018-08-07 22:00:00,1.16238,1.162795,1.16191,1.161915
129,2018-08-07 23:00:00,1.161915,1.16197,1.161025,1.161515
130,2018-08-08 00:00:00,1.161515,1.162465,1.16056,1.161005
131,2018-08-08 01:00:00,1.161005,1.161295,1.158405,1.15887
132,2018-08-08 02:00:00,1.15887,1.16004,1.158585,1.15974
133,2018-08-08 03:00:00,1.15974,1.160375,1.159165,1.159495
134,2018-08-08 04:00:00,1.159495,1.159925,1.158065,1.158325
135,2018-08-08 05:00:00,1.158325,1.15919,1.15732,1.158165
136,2018-08-08 06:00:00,1.158165,1.15961,1.158075,1.15884
137,2018-08-08 07:00:00,1.15884,1.160595,1.158655,1.16005
138,2018-08-08 08:00:00,1.16005,1.1609,1.15976,1.159785
139,2018-08-08 09:00:00,1.159785,1.160005,1.159065,1.15949
140,2018-08-08 10:00:00,1.15949,1.16137,1.15945,1.16104
141,2018-08-08 11:00:00,1.16104,1.161985,1.160945,1.161905
142,2018-08-08 12:00:00,1.161905,1.161945,1.161195,1.16124
143,2018-08-08 13:00:00,1.16124,1.161485,1.16096,1.161015
144,2018-08-08 14:15:00,1.16116,1.16143,1.16106,1.161415
145,2018-08-08 15:00:00,1.161415,1.161495,1.16111,1.161195
146,2018-08-08 16:00:00,1.161195,1.16126,1.160925,1.160935
147,2018-08-08 17:00:00,1.160935,1.161245,1.160585,1.16077
148,2018-08-08 18:00:00,1.16077,1.16104,1.160115,1.160675
149,2018-08-08 19:00:00,1.160675,1.16189,1.160675,1.161495
150,2018-08-08 20:00:00,1.161495,1.16194,1.16146,1.16155
151,2018-08-08 21:00:00,1.16155,1.161605,1.160555,1.160625
152,2018-08-08 22:00:00,1.160625,1.161185,1.16016,1.16118
153,2018-08-08 23:00:00,1.16118,1.16156,1.159855,1.16028
154,2018-08-09 00:00:00,1.16028,1.16047,1.15761,1.158385
155,2018-08-09 01:00:00,1.158385,1.1593,1.158215,1.1593
156,2018-08-09 02:00:00,1.1593,1.159905,1.158685,1.15945
157,2018-08-09 03:00:00,1.15945,1.16074,1.159205,1.15937
158,2018-08-09 04:00:00,1.15937,1.159505,1.158795,1.158935
159,2018-08-09 05:00:00,1.158935,1.159995,1.158765,1.15993
160,2018-08-09 06:00:00,1.15993,1.15993,1.15849,1.159185
161,2018-08-09 07:00:00,1.159185,1.159585,1.156665,1.15732
162,2018-08-09 08:00:00,1.15732,1.157525,1.156115,1.156525
163,2018-08-09 09:00:00,1.156525,1.156765,1.155585,1.155725
164,2018-08-09 10:00:00,1.155725,1.155945,1.154915,1.15577
165,2018-08-09 11:00:00,1.15577,1.155785,1.154205,1.15425
166,2018-08-09 12:00:00,1.15425,1.154375,1.152595,1.15293
167,2018-08-09 13:00:00,1.15293,1.153355,1.152615,1.15271
168,2018-08-09 14:15:00,1.15282,1.15304,1.152625,1.15281
169,2018-08-09 15:00:00,1.15281,1.152985,1.152005,1.152055
170,2018-08-09 16:00:00,1.152055,1.15249,1.15164,1.15241
171,2018-08-09 17:00:00,1.15241,1.15351,1.152075,1.153455
172,2018-08-09 18:00:00,1.153455,1.153475,1.152825,1.15315
173,2018-08-09 19:00:00,1.15315,1.153545,1.15293,1.153175
174,2018-08-09 20:00:00,1.153175,1.15366,1.152835,1.153265
175,2018-08-09 21:00:00,1.153265,1.15331,1.151565,1.151655
176,2018-08-09 22:00:00,1.151655,1.15217,1.14379,1.14634
177,2018-08-09 23:00:00,1.14634,1.14749,1.143215,1.14685
178,2018-08-10 00:00:00,1.14685,1.147205,1.144925,1.14657
179,2018-08-10 01:00:00,1.14657,1.146865,1.1443,1.145705
180,2018-08-10 02:00:00,1.145705,1.147415,1.145235,1.14607
181,2018-08-10 03:00:00,1.14607,1.14825,1.14567,1.146305
182,2018-08-10 04:00:00,1.146305,1.147255,1.14532,1.14656
183,2018-08-10 05:00:00,1.14656,1.146565,1.14391,1.14436
184,2018-08-10 06:00:00,1.14436,1.14492,1.141515,1.142405
185,2018-08-10 07:00:00,1.142405,1.14471,1.142275,1.14341
186,2018-08-10 08:00:00,1.14341,1.14356,1.139505,1.139765
187,2018-08-10 09:00:00,1.139765,1.141455,1.139365,1.14022
188,2018-08-10 10:00:00,1.14022,1.140225,1.138825,1.13941
189,2018-08-10 11:00:00,1.13941,1.140445,1.138985,1.139955
190,2018-08-10 12:00:00,1.139955,1.142765,1.139685,1.14017
191,2018-08-10 13:00:00,1.14017,1.141785,1.140165,1.14137
192,2018-08-12 14:15:00,1.13765,1.138655,1.137025,1.138635
193,2018-08-12 15:00:00,1.138635,1.139975,1.13818,1.13981
194,2018-08-12 16:00:00,1.13981,1.14117,1.139035,1.139505
195,2018-08-12 17:00:00,1.139505,1.139975,1.137815,1.137825
196,2018-08-12 18:00:00,1.137825,1.138495,1.1368,1.137805
197,2018-08-12 19:00:00,1.137805,1.13843,1.13697,1.137785
198,2018-08-12 20:00:00,1.137785,1.1388,1.13772,1.138255
199,2018-08-12 21:00:00,1.138255,1.13841,1.13651,1.136675
200,2018-08-12 22:00:00,1.136675,1.139685,1.13667,1.1387
201,2018-08-12 23:00:00,1.1387,1.140675,1.13813,1.139165
202,2018-08-13 00:00:00,1.139165,1.139845,1.136775,1.13745
203,2018-08-13 01:00:00,1.13745,1.13886,1.13655,1.1383
204,2018-08-13 02:00:00,1.1383,1.139075,1.137405,1.138305
205,2018-08-13 03:00:00,1.138305,1.139195,1.137685,1.137875
206,2018-08-13 04:00:00,1.137875,1.141355,1.137195,1.14005
207,2018-08-13 05:00:00,1.14005,1.142455,1.13891,1.14168
208,2018-08-13 06:00:00,1.14168,1.1433,1.141395,1.142805
209,2018-08-13 07:00:00,1.142805,1.143285,1.141305,1.141845
210,2018-08-13 08:00:00,1.141845,1.14186,1.139525,1.139665
211,2018-08-13 09:00:00,1.139665,1.139675,1.138675,1.139375
212,2018-08-13 10:00:00,1.139375,1.140255,1.138555,1.13968
213,2018-08-13 11:00:00,1.13968,1.14009,1.139345,1.139355
214,2018-08-13 12:00:00,1.139355,1.139775,1.13862,1.139745
215,2018-08-13 13:00:00,1.139745,1.141055,1.13962,1.141025
216,2018-08-13 14:15:00,1.141075,1.141175,1.140045,1.14056
217,2018-08-13 15:00:00,1.14056,1.140665,1.140385,1.14051
218,2018-08-13 16:00:00,1.14051,1.14067,1.139905,1.14007
219,2018-08-13 17:00:00,1.14007,1.14056,1.1395,1.140315
220,2018-08-13 18:00:00,1.140315,1.1411,1.140145,1.140785
221,2018-08-13 19:00:00,1.140785,1.141435,1.14039,1.14129
222,2018-08-13 20:00:00,1.14129,1.141745,1.14032,1.14068
223,2018-08-13 21:00:00,1.14068,1.141305,1.140065,1.14018
224,2018-08-13 22:00:00,1.14018,1.14129,1.13958,1.14084
225,2018-08-13 23:00:00,1.14084,1.142895,1.14029,1.14251
226,2018-08-14 00:00:00,1.14251,1.142795,1.14108,1.142275
227,2018-08-14 01:00:00,1.142275,1.142955,1.138405,1.138605
228,2018-08-14 02:00:00,1.138605,1.14093,1.13799,1.140495
229,2018-08-14 03:00:00,1.140495,1.141845,1.140175,1.14062
230,2018-08-14 04:00:00,1.14062,1.140815,1.139535,1.14067
231,2018-08-14 05:00:00,1.14067,1.140715,1.138665,1.139
232,2018-08-14 06:00:00,1.139,1.139555,1.138125,1.138245
233,2018-08-14 07:00:00,1.138245,1.138795,1.137085,1.13724
234,2018-08-14 08:00:00,1.13724,1.137455,1.134405,1.135085
235,2018-08-14 09:00:00,1.135085,1.13526,1.13378,1.13417
236,2018-08-14 10:00:00,1.13417,1.134865,1.133085,1.13458
237,2018-08-14 11:00:00,1.13458,1.13467,1.133015,1.13387
238,2018-08-14 12:00:00,1.13387,1.134665,1.13382,1.13453
239,2018-08-14 13:00:00,1.13453,1.13468,1.13415,1.13442
240,2018-08-14 14:15:00,1.1344,1.134625,1.1343,1.134575
241,2018-08-14 15:00:00,1.134575,1.135025,1.134445,1.13498
242,2018-08-14 16:00:00,1.13498,1.13498,1.134525,1.13468
243,2018-08-14 17:00:00,1.13468,1.13474,1.13364,1.133735
244,2018-08-14 18:00:00,1.133735,1.13463,1.133525,1.134435
245,2018-08-14 19:00:00,1.134435,1.134435,1.132545,1.13266
246,2018-08-14 20:00:00,1.13266,1.13288,1.131965,1.13228
247,2018-08-14 21:00:00,1.13228,1.13277,1.13206,1.132575
248,2018-08-14 22:00:00,1.132575,1.133265,1.131705,1.13286
249,2018-08-14 23:00:00,1.13286,1.134665,1.13231,1.133975
250,2018-08-15 00:00:00,1.133975,1.134435,1.133185,1.13323
251,2018-08-15 01:00:00,1.13323,1.133795,1.131615,1.13255
252,2018-08-15 02:00:00,1.13255,1.133245,1.132005,1.132415
253,2018-08-15 03:00:00,1.132415,1.13299,1.131035,1.131875
254,2018-08-15 04:00:00,1.131875,1.1321,1.130905,1.13203
255,2018-08-15 05:00:00,1.13203,1.132995,1.131515,1.13158
256,2018-08-15 06:00:00,1.13158,1.131805,1.130105,1.13025
257,2018-08-15 07:00:00,1.13025,1.132595,1.130205,1.131175
258,2018-08-15 08:00:00,1.131175,1.13429,1.131175,1.133105
259,2018-08-15 09:00:00,1.133105,1.134975,1.132955,1.13435
260,2018-08-15 10:00:00,1.13435,1.135495,1.13361,1.133665
261,2018-08-15 11:00:00,1.133665,1.134785,1.133515,1.134615
262,2018-08-15 12:00:00,1.134615,1.135365,1.134355,1.134465
263,2018-08-15 13:00:00,1.134465,1.135285,1.134415,1.13452
264,2018-08-15 14:15:00,1.13513,1.13515,1.134535,1.134605
265,2018-08-15 15:00:00,1.134605,1.13473,1.134395,1.13456
266,2018-08-15 16:00:00,1.13456,1.13468,1.133915,1.13417
267,2018-08-15 17:00:00,1.13417,1.13467,1.133585,1.13442
268,2018-08-15 18:00:00,1.13442,1.13777,1.134285,1.13693
269,2018-08-15 19:00:00,1.13693,1.13829,1.136745,1.13752
270,2018-08-15 20:00:00,1.13752,1.139095,1.136775,1.13873
271,2018-08-15 21:00:00,1.13873,1.13892,1.137765,1.1383
272,2018-08-15 22:00:00,1.1383,1.139835,1.13809,1.13913
273,2018-08-15 23:00:00,1.13913,1.139505,1.137395,1.137525
274,2018-08-16 00:00:00,1.137525,1.13791,1.13573,1.13678
275,2018-08-16 01:00:00,1.13678,1.138955,1.136595,1.13824
276,2018-08-16 02:00:00,1.13824,1.138255,1.136505,1.13714
277,2018-08-16 03:00:00,1.13714,1.137545,1.136275,1.136385
278,2018-08-16 04:00:00,1.136385,1.137905,1.136025,1.13683
279,2018-08-16 05:00:00,1.13683,1.139085,1.136225,1.136535
280,2018-08-16 06:00:00,1.136535,1.14093,1.13646,1.140075
281,2018-08-16 07:00:00,1.140075,1.140695,1.138575,1.139135
282,2018-08-16 08:00:00,1.139135,1.139985,1.138225,1.138685
283,2018-08-16 09:00:00,1.138685,1.138775,1.135635,1.136435
284,2018-08-16 10:00:00,1.136435,1.136875,1.134765,1.13558
285,2018-08-16 11:00:00,1.13558,1.13689,1.13522,1.13658
286,2018-08-16 12:00:00,1.13658,1.137355,1.136415,1.137275
287,2018-08-16 13:00:00,1.137275,1.13784,1.13705,1.13768
288,2018-08-16 14:15:00,1.137675,1.137765,1.137255,1.13749
289,2018-08-16 15:00:00,1.13749,1.13767,1.137295,1.137375
290,2018-08-16 16:00:00,1.137375,1.137615,1.13709,1.13719
291,2018-08-16 17:00:00,1.13719,1.13756,1.136655,1.13727
292,2018-08-16 18:00:00,1.13727,1.13891,1.13712,1.13813
293,2018-08-16 19:00:00,1.13813,1.13872,1.13772,1.13824
294,2018-08-16 20:00:00,1.13824,1.138275,1.13751,1.13777
295,2018-08-16 21:00:00,1.13777,1.138275,1.13775,1.13786
296,2018-08-16 22:00:00,1.13786,1.13822,1.137345,1.138105
297,2018-08-16 23:00:00,1.138105,1.139515,1.1374,1.13863
298,2018-08-17 00:00:00,1.13863,1.139315,1.138005,1.138825
299,2018-08-17 01:00:00,1.138825,1.141975,1.13862,1.139655
300,2018-08-17 02:00:00,1.139655,1.139915,1.138255,1.138275
301,2018-08-17 03:00:00,1.138275,1.138965,1.137405,1.138755
302,2018-08-17 04:00:00,1.138755,1.139635,1.13857,1.13891
303,2018-08-17 05:00:00,1.13891,1.14124,1.13803,1.140625
304,2018-08-17 06:00:00,1.140625,1.14184,1.140305,1.141115
305,2018-08-17 07:00:00,1.141115,1.14219,1.140525,1.140945
306,2018-08-17 08:00:00,1.140945,1.141495,1.140095,1.1409
307,2018-08-17 09:00:00,1.1409,1.141815,1.140795,1.140945
308,2018-08-17 10:00:00,1.140945,1.141525,1.140755,1.141285
309,2018-08-17 11:00:00,1.141285,1.144485,1.141075,1.144375
310,2018-08-17 12:00:00,1.144375,1.14449,1.143695,1.14414
311,2018-08-17 13:00:00,1.14414,1.14431,1.143805,1.14385
312,2018-08-19 14:15:00,1.143975,1.14407,1.1437,1.14372
313,2018-08-19 15:00:00,1.14372,1.143885,1.143555,1.14378
314,2018-08-19 16:00:00,1.14378,1.14401,1.14355,1.14379
315,2018-08-19 17:00:00,1.14379,1.14395,1.143225,1.14329
316,2018-08-19 18:00:00,1.14329,1.143495,1.14271,1.14288
317,2018-08-19 19:00:00,1.14288,1.143325,1.142735,1.142835
318,2018-08-19 20:00:00,1.142835,1.143305,1.142725,1.14313
319,2018-08-19 21:00:00,1.14313,1.143365,1.142515,1.142625
320,2018-08-19 22:00:00,1.142625,1.142735,1.142205,1.14243
321,2018-08-19 23:00:00,1.14243,1.14243,1.141125,1.141425
322,2018-08-20 00:00:00,1.141425,1.1426,1.141105,1.142075
323,2018-08-20 01:00:00,1.142075,1.14224,1.140435,1.14067
324,2018-08-20 02:00:00,1.14067,1.1412,1.14029,1.1412
325,2018-08-20 03:00:00,1.1412,1.141315,1.139445,1.14091
326,2018-08-20 04:00:00,1.14091,1.142515,1.14075,1.142165
327,2018-08-20 05:00:00,1.142165,1.143195,1.14163,1.142345
328,2018-08-20 06:00:00,1.142345,1.143745,1.14212,1.14282
329,2018-08-20 07:00:00,1.14282,1.144385,1.142775,1.143195
330,2018-08-20 08:00:00,1.143195,1.14546,1.143175,1.143815
331,2018-08-20 09:00:00,1.143815,1.14637,1.143805,1.14587
332,2018-08-20 10:00:00,1.14587,1.14629,1.145655,1.145825
333,2018-08-20 11:00:00,1.145825,1.147125,1.14562,1.146715
334,2018-08-20 12:00:00,1.146715,1.14792,1.146535,1.147505
335,2018-08-20 13:00:00,1.147505,1.148505,1.14739,1.14818
336,2018-08-20 14:15:00,1.148625,1.149175,1.14839,1.14905
337,2018-08-20 15:00:00,1.14905,1.14923,1.148725,1.149185
338,2018-08-20 16:00:00,1.149185,1.149325,1.14857,1.14919
339,2018-08-20 17:00:00,1.14919,1.154325,1.14856,1.152245
340,2018-08-20 18:00:00,1.152245,1.15313,1.15138,1.151595
341,2018-08-20 19:00:00,1.151595,1.1522,1.151025,1.15209
342,2018-08-20 20:00:00,1.15209,1.15269,1.151645,1.152475
343,2018-08-20 21:00:00,1.152475,1.15345,1.152175,1.15311
344,2018-08-20 22:00:00,1.15311,1.15392,1.152645,1.1528
345,2018-08-20 23:00:00,1.1528,1.15364,1.151265,1.15138
346,2018-08-21 00:00:00,1.15138,1.152275,1.150545,1.151405
347,2018-08-21 01:00:00,1.151405,1.154025,1.151145,1.15339
348,2018-08-21 02:00:00,1.15339,1.15349,1.15132,1.15199
349,2018-08-21 03:00:00,1.15199,1.1527,1.151715,1.152255
350,2018-08-21 04:00:00,1.152255,1.15292,1.15146,1.151795
351,2018-08-21 05:00:00,1.151795,1.151885,1.149195,1.150415
352,2018-08-21 06:00:00,1.150415,1.15249,1.149745,1.152345
353,2018-08-21 07:00:00,1.152345,1.15325,1.151545,1.15196
354,2018-08-21 08:00:00,1.15196,1.15387,1.151305,1.15331
355,2018-08-21 09:00:00,1.15331,1.15726,1.152785,1.15595
356,2018-08-21 10:00:00,1.15595,1.159995,1.155675,1.159225
357,2018-08-21 11:00:00,1.159225,1.16013,1.15687,1.15737
358,2018-08-21 12:00:00,1.15737,1.15763,1.156895,1.156935
359,2018-08-21 13:00:00,1.156935,1.15757,1.156935,1.157045
360,2018-08-21 14:15:00,1.157025,1.157405,1.15689,1.15714
361,2018-08-21 15:00:00,1.15714,1.157585,1.157,1.15745
362,2018-08-21 16:00:00,1.15745,1.157655,1.15706,1.157615
363,2018-08-21 17:00:00,1.157615,1.15823,1.15732,1.15772
364,2018-08-21 18:00:00,1.15772,1.158135,1.157205,1.15763
365,2018-08-21 19:00:00,1.15763,1.15817,1.15721,1.15746
366,2018-08-21 20:00:00,1.15746,1.1577,1.15705,1.157565
367,2018-08-21 21:00:00,1.157565,1.15759,1.15702,1.15759
368,2018-08-21 22:00:00,1.15759,1.158035,1.157185,1.157455
369,2018-08-21 23:00:00,1.157455,1.15781,1.156085,1.156575
370,2018-08-22 00:00:00,1.156575,1.157675,1.156075,1.156205
371,2018-08-22 01:00:00,1.156205,1.157475,1.155325,1.15735
372,2018-08-22 02:00:00,1.15735,1.159895,1.157315,1.15937
373,2018-08-22 03:00:00,1.15937,1.16029,1.158465,1.159145
374,2018-08-22 04:00:00,1.159145,1.161805,1.15912,1.161085
375,2018-08-22 05:00:00,1.161085,1.16203,1.160455,1.161775
376,2018-08-22 06:00:00,1.161775,1.162295,1.159565,1.160165
377,2018-08-22 07:00:00,1.160165,1.160565,1.158405,1.159865
378,2018-08-22 08:00:00,1.159865,1.16039,1.158895,1.159365
379,2018-08-22 09:00:00,1.159365,1.159535,1.158805,1.15901
380,2018-08-22 10:00:00,1.15901,1.15931,1.158205,1.15916
381,2018-08-22 11:00:00,1.15916,1.161975,1.158085,1.158885
382,2018-08-22 12:00:00,1.158885,1.16079,1.158715,1.160405
383,2018-08-22 13:00:00,1.160405,1.160445,1.159545,1.159665
384,2018-08-22 14:15:00,1.1597,1.159835,1.15943,1.159505
385,2018-08-22 15:00:00,1.159505,1.15998,1.15949,1.1597
386,2018-08-22 16:00:00,1.1597,1.159765,1.15843,1.15858
387,2018-08-22 17:00:00,1.15858,1.15873,1.156295,1.156635
388,2018-08-22 18:00:00,1.156635,1.157215,1.155775,1.156355
389,2018-08-22 19:00:00,1.156355,1.15652,1.155365,1.1555
390,2018-08-22 20:00:00,1.1555,1.15573,1.154955,1.155335
391,2018-08-22 21:00:00,1.155335,1.15564,1.154225,1.155635
392,2018-08-22 22:00:00,1.155635,1.156195,1.15524,1.15553
393,2018-08-22 23:00:00,1.15553,1.157225,1.154845,1.15635
394,2018-08-23 00:00:00,1.15635,1.157455,1.155575,1.15678
395,2018-08-23 01:00:00,1.15678,1.156895,1.155125,1.156385
396,2018-08-23 02:00:00,1.156385,1.156975,1.154975,1.156115
397,2018-08-23 03:00:00,1.156115,1.158995,1.155875,1.15886
398,2018-08-23 04:00:00,1.15886,1.158885,1.15748,1.15752
399,2018-08-23 05:00:00,1.15752,1.158295,1.15659,1.15743
400,2018-08-23 06:00:00,1.15743,1.159085,1.155965,1.157905
401,2018-08-23 07:00:00,1.157905,1.158725,1.15542,1.157555
402,2018-08-23 08:00:00,1.157555,1.157875,1.156715,1.156785
403,2018-08-23 09:00:00,1.156785,1.156855,1.155025,1.155535
404,2018-08-23 10:00:00,1.155535,1.155595,1.15308,1.15407
405,2018-08-23 11:00:00,1.15407,1.15471,1.15313,1.15367
406,2018-08-23 12:00:00,1.15367,1.154345,1.153005,1.15409
407,2018-08-23 13:00:00,1.15409,1.154615,1.15403,1.15417
408,2018-08-23 14:15:00,1.1543,1.154625,1.154005,1.154385
409,2018-08-23 15:00:00,1.154385,1.15459,1.15349,1.154035
410,2018-08-23 16:00:00,1.154035,1.15451,1.153985,1.154195
411,2018-08-23 17:00:00,1.154195,1.155125,1.153825,1.1548
412,2018-08-23 18:00:00,1.1548,1.15511,1.15425,1.154525
413,2018-08-23 19:00:00,1.154525,1.155935,1.154155,1.155635
414,2018-08-23 20:00:00,1.155635,1.15583,1.15496,1.1555
415,2018-08-23 21:00:00,1.1555,1.156325,1.15522,1.1563
416,2018-08-23 22:00:00,1.1563,1.157995,1.15612,1.157095
417,2018-08-23 23:00:00,1.157095,1.15766,1.156525,1.157145
418,2018-08-24 00:00:00,1.157145,1.15743,1.155555,1.15568
419,2018-08-24 01:00:00,1.15568,1.156875,1.155525,1.156325
420,2018-08-24 02:00:00,1.156325,1.15709,1.15583,1.156755
421,2018-08-24 03:00:00,1.156755,1.158395,1.15651,1.158095
422,2018-08-24 04:00:00,1.158095,1.160025,1.15784,1.159315
423,2018-08-24 05:00:00,1.159315,1.159465,1.158485,1.15931
424,2018-08-24 06:00:00,1.15931,1.160485,1.158935,1.159065
425,2018-08-24 07:00:00,1.159065,1.163995,1.158145,1.162765
426,2018-08-24 08:00:00,1.162765,1.163595,1.161635,1.16246
427,2018-08-24 09:00:00,1.16246,1.163325,1.162325,1.16241
428,2018-08-24 10:00:00,1.16241,1.163595,1.16191,1.162265
429,2018-08-24 11:00:00,1.162265,1.162805,1.161785,1.16256
430,2018-08-24 12:00:00,1.16256,1.162915,1.162265,1.162685
431,2018-08-24 13:00:00,1.162685,1.162705,1.16202,1.162255
432,2018-08-26 14:15:00,1.162175,1.16248,1.162125,1.162415
433,2018-08-26 15:00:00,1.162415,1.162905,1.16237,1.16282
434,2018-08-26 16:00:00,1.16282,1.165365,1.16276,1.164525
435,2018-08-26 17:00:00,1.164525,1.164675,1.163445,1.163655
436,2018-08-26 18:00:00,1.163655,1.16366,1.16261,1.162985
437,2018-08-26 19:00:00,1.162985,1.163755,1.162575,1.16299
438,2018-08-26 20:00:00,1.16299,1.16349,1.162405,1.162655
439,2018-08-26 21:00:00,1.162655,1.162685,1.16182,1.161845
440,2018-08-26 22:00:00,1.161845,1.162055,1.161295,1.161855
441,2018-08-26 23:00:00,1.161855,1.16244,1.15946,1.16012
442,2018-08-27 00:00:00,1.16012,1.161125,1.159645,1.160015
443,2018-08-27 01:00:00,1.160015,1.161965,1.159995,1.160985
444,2018-08-27 02:00:00,1.160985,1.162205,1.16094,1.161735
445,2018-08-27 03:00:00,1.161735,1.162055,1.16051,1.16104
446,2018-08-27 04:00:00,1.16104,1.163,1.16104,1.16294
447,2018-08-27 05:00:00,1.16294,1.164345,1.16257,1.16379
448,2018-08-27 06:00:00,1.16379,1.16578,1.16332,1.164865
449,2018-08-27 07:00:00,1.164865,1.167435,1.16464,1.167065
450,2018-08-27 08:00:00,1.167065,1.16802,1.16683,1.16761
451,2018-08-27 09:00:00,1.16761,1.16915,1.167285,1.168815
452,2018-08-27 10:00:00,1.168815,1.169375,1.16751,1.16773
453,2018-08-27 11:00:00,1.16773,1.168385,1.167615,1.167925
454,2018-08-27 12:00:00,1.167925,1.16823,1.16767,1.168145
455,2018-08-27 13:00:00,1.168145,1.168535,1.16777,1.1678
456,2018-08-27 15:00:00,1.16804,1.16816,1.16786,1.168065
457,2018-08-27 16:00:00,1.168065,1.168415,1.167825,1.16841
458,2018-08-27 17:00:00,1.16841,1.169725,1.1682,1.16915
459,2018-08-27 18:00:00,1.16915,1.16923,1.16727,1.167705
460,2018-08-27 19:00:00,1.167705,1.167755,1.167135,1.167575
461,2018-08-27 20:00:00,1.167575,1.167775,1.167065,1.16743
462,2018-08-27 21:00:00,1.16743,1.167595,1.166955,1.16739
463,2018-08-27 22:00:00,1.16739,1.16744,1.166265,1.16703
464,2018-08-27 23:00:00,1.16703,1.169155,1.16676,1.168855
465,2018-08-28 00:00:00,1.168855,1.169985,1.167925,1.16859
466,2018-08-28 01:00:00,1.16859,1.169965,1.168035,1.1692
467,2018-08-28 02:00:00,1.1692,1.170485,1.16876,1.170275
468,2018-08-28 03:00:00,1.170275,1.17069,1.16947,1.16983
469,2018-08-28 04:00:00,1.16983,1.171785,1.16946,1.171625
470,2018-08-28 05:00:00,1.171625,1.172165,1.170515,1.17159
471,2018-08-28 06:00:00,1.17159,1.173365,1.171425,1.17315
472,2018-08-28 07:00:00,1.17315,1.173155,1.170265,1.171475
473,2018-08-28 08:00:00,1.171475,1.172275,1.170865,1.17189
474,2018-08-28 09:00:00,1.17189,1.172535,1.17111,1.171755
475,2018-08-28 10:00:00,1.171755,1.172205,1.17103,1.171285
476,2018-08-28 11:00:00,1.171285,1.171285,1.16907,1.16952
477,2018-08-28 12:00:00,1.16952,1.169875,1.16907,1.169235
478,2018-08-28 13:00:00,1.169235,1.16958,1.16923,1.169475
479,2018-08-28 14:15:00,1.16943,1.16957,1.16924,1.169295
480,2018-08-28 15:00:00,1.169295,1.169555,1.169175,1.169535
481,2018-08-28 16:00:00,1.169535,1.16955,1.168675,1.169335
482,2018-08-28 17:00:00,1.169335,1.1697,1.168385,1.168595
483,2018-08-28 18:00:00,1.168595,1.168935,1.168345,1.16841
484,2018-08-28 19:00:00,1.16841,1.16975,1.168345,1.169175
485,2018-08-28 20:00:00,1.169175,1.169495,1.16899,1.169495
486,2018-08-28 21:00:00,1.169495,1.16961,1.169045,1.16957
487,2018-08-28 22:00:00,1.16957,1.16964,1.16735,1.16747
488,2018-08-28 23:00:00,1.16747,1.16817,1.16668,1.16683
489,2018-08-29 00:00:00,1.16683,1.16867,1.16656,1.16659
490,2018-08-29 01:00:00,1.16659,1.16777,1.166335,1.166635
491,2018-08-29 02:00:00,1.166635,1.167615,1.166245,1.167285
492,2018-08-29 03:00:00,1.167285,1.16753,1.166155,1.16628
493,2018-08-29 04:00:00,1.16628,1.16685,1.165185,1.16582
494,2018-08-29 05:00:00,1.16582,1.166755,1.165535,1.166465
495,2018-08-29 06:00:00,1.166465,1.168955,1.166215,1.168955
496,2018-08-29 07:00:00,1.168955,1.170795,1.168315,1.16937
497,2018-08-29 08:00:00,1.16937,1.170355,1.16881,1.169855
498,2018-08-29 09:00:00,1.169855,1.170725,1.169135,1.17051
499,2018-08-29 10:00:00,1.17051,1.17065,1.169515,1.169835
500,2018-08-29 11:00:00,1.169835,1.170225,1.16894,1.16997
501,2018-08-29 12:00:00,1.16997,1.170765,1.169825,1.17037
502,2018-08-29 13:00:00,1.17037,1.170995,1.17031,1.170745
503,2018-08-29 14:15:00,1.170805,1.17094,1.170645,1.17092
504,2018-08-29 15:00:00,1.17092,1.171025,1.170635,1.170645
505,2018-08-29 16:00:00,1.170645,1.171065,1.17064,1.170945
506,2018-08-29 17:00:00,1.170945,1.171375,1.170205,1.170595
507,2018-08-29 18:00:00,1.170595,1.171085,1.169665,1.170435
508,2018-08-29 19:00:00,1.170435,1.170695,1.17007,1.170085
509,2018-08-29 20:00:00,1.170085,1.170545,1.169545,1.170045
510,2018-08-29 21:00:00,1.170045,1.170335,1.169725,1.16993
511,2018-08-29 22:00:00,1.16993,1.169985,1.16858,1.16898
512,2018-08-29 23:00:00,1.16898,1.170605,1.168925,1.17037
513,2018-08-30 00:00:00,1.17037,1.17183,1.16967,1.17024
514,2018-08-30 01:00:00,1.17024,1.170465,1.167515,1.168695
515,2018-08-30 02:00:00,1.168695,1.16999,1.16847,1.169925
516,2018-08-30 03:00:00,1.169925,1.170895,1.169115,1.16976
517,2018-08-30 04:00:00,1.16976,1.169915,1.16823,1.168615
518,2018-08-30 05:00:00,1.168615,1.1696,1.167685,1.167755
519,2018-08-30 06:00:00,1.167755,1.168265,1.164415,1.166005
520,2018-08-30 07:00:00,1.166005,1.166855,1.165065,1.165715
521,2018-08-30 08:00:00,1.165715,1.16621,1.164195,1.16463
522,2018-08-30 09:00:00,1.16463,1.16607,1.164165,1.165735
523,2018-08-30 10:00:00,1.165735,1.167005,1.16499,1.166825
524,2018-08-30 11:00:00,1.166825,1.167215,1.165635,1.166505
525,2018-08-30 12:00:00,1.166505,1.167925,1.16598,1.1677
526,2018-08-30 13:00:00,1.1677,1.1677,1.166515,1.16709
527,2018-08-30 14:15:00,1.166825,1.167125,1.16662,1.166725
528,2018-08-30 15:00:00,1.166725,1.166895,1.16626,1.1663
529,2018-08-30 16:00:00,1.1663,1.166695,1.16615,1.16656
530,2018-08-30 17:00:00,1.16656,1.166865,1.166035,1.166485
531,2018-08-30 18:00:00,1.166485,1.167665,1.16639,1.16669
532,2018-08-30 19:00:00,1.16669,1.167045,1.166115,1.16636
533,2018-08-30 20:00:00,1.16636,1.16676,1.165975,1.166375
534,2018-08-30 21:00:00,1.166375,1.167155,1.166295,1.166975
535,2018-08-30 22:00:00,1.166975,1.169025,1.166915,1.16814
536,2018-08-30 23:00:00,1.16814,1.168495,1.167235,1.16727
537,2018-08-31 00:00:00,1.16727,1.168985,1.167265,1.168385
538,2018-08-31 01:00:00,1.168385,1.168995,1.166705,1.16691
539,2018-08-31 02:00:00,1.16691,1.167315,1.166405,1.16691
540,2018-08-31 03:00:00,1.16691,1.166985,1.165535,1.16662
541,2018-08-31 04:00:00,1.16662,1.166685,1.164355,1.165155
542,2018-08-31 05:00:00,1.165155,1.165555,1.16331,1.163955
543,2018-08-31 06:00:00,1.163955,1.164055,1.162545,1.163605
544,2018-08-31 07:00:00,1.163605,1.165195,1.16297,1.1634
545,2018-08-31 08:00:00,1.1634,1.163635,1.159205,1.159585
546,2018-08-31 09:00:00,1.159585,1.159995,1.158465,1.159495
547,2018-08-31 10:00:00,1.159495,1.160565,1.15891,1.160535
548,2018-08-31 11:00:00,1.160535,1.160925,1.159565,1.15968
549,2018-08-31 12:00:00,1.15968,1.161055,1.159535,1.16073
550,2018-08-31 13:00:00,1.16073,1.16112,1.16017,1.160175
551,2018-09-02 14:15:00,1.159675,1.159845,1.158975,1.159745
552,2018-09-02 15:00:00,1.159745,1.160465,1.159585,1.15976
553,2018-09-02 16:00:00,1.15976,1.159965,1.15927,1.159815
554,2018-09-02 17:00:00,1.159815,1.160345,1.159215,1.15966
555,2018-09-02 18:00:00,1.15966,1.160025,1.15891,1.15966
556,2018-09-02 19:00:00,1.15966,1.16022,1.1593,1.15978
557,2018-09-02 20:00:00,1.15978,1.16031,1.15959,1.15989
558,2018-09-02 21:00:00,1.15989,1.16064,1.159765,1.16063
559,2018-09-02 22:00:00,1.16063,1.161565,1.160515,1.161275
560,2018-09-02 23:00:00,1.161275,1.16156,1.159955,1.16003
561,2018-09-03 00:00:00,1.16003,1.162615,1.15911,1.16109
562,2018-09-03 01:00:00,1.16109,1.162285,1.16071,1.161155
563,2018-09-03 02:00:00,1.161155,1.161455,1.15984,1.15987
564,2018-09-03 03:00:00,1.15987,1.161805,1.159625,1.161625
565,2018-09-03 04:00:00,1.161625,1.162015,1.161005,1.16115
566,2018-09-03 05:00:00,1.16115,1.16165,1.160505,1.160685
567,2018-09-03 06:00:00,1.160685,1.161445,1.16036,1.16097
568,2018-09-03 07:00:00,1.16097,1.16279,1.160805,1.162745
569,2018-09-03 08:00:00,1.162745,1.162765,1.161765,1.16194
570,2018-09-03 09:00:00,1.16194,1.16235,1.16147,1.16167
571,2018-09-03 10:00:00,1.16167,1.162135,1.16164,1.161865
572,2018-09-03 11:00:00,1.161865,1.162125,1.161645,1.16181
573,2018-09-03 12:00:00,1.16181,1.1619,1.161465,1.16158
574,2018-09-03 13:00:00,1.16158,1.161895,1.161505,1.161895
575,2018-09-03 14:15:00,1.161775,1.16179,1.161405,1.161465
576,2018-09-03 15:00:00,1.161465,1.161785,1.161455,1.161725
577,2018-09-03 16:00:00,1.161725,1.161745,1.161365,1.161415
578,2018-09-03 17:00:00,1.161415,1.16143,1.160185,1.160365
579,2018-09-03 18:00:00,1.160365,1.160555,1.159555,1.16021
580,2018-09-03 19:00:00,1.16021,1.160335,1.159585,1.159855
581,2018-09-03 20:00:00,1.159855,1.16018,1.159675,1.16011
582,2018-09-03 21:00:00,1.16011,1.160635,1.159915,1.160415
583,2018-09-03 22:00:00,1.160415,1.16112,1.160185,1.16026
584,2018-09-03 23:00:00,1.16026,1.160475,1.15749,1.15781
585,2018-09-04 00:00:00,1.15781,1.158545,1.156765,1.156965
586,2018-09-04 01:00:00,1.156965,1.15713,1.155795,1.156545
587,2018-09-04 02:00:00,1.156545,1.156765,1.155645,1.15568
588,2018-09-04 03:00:00,1.15568,1.156545,1.154995,1.156075
589,2018-09-04 04:00:00,1.156075,1.156545,1.155325,1.155925
590,2018-09-04 05:00:00,1.155925,1.156885,1.15548,1.156135
591,2018-09-04 06:00:00,1.156135,1.156335,1.15442,1.15451
592,2018-09-04 07:00:00,1.15451,1.15603,1.153015,1.15553
593,2018-09-04 08:00:00,1.15553,1.157,1.155125,1.15656
594,2018-09-04 09:00:00,1.15656,1.15849,1.156415,1.15798
595,2018-09-04 10:00:00,1.15798,1.158435,1.157375,1.157475
596,2018-09-04 11:00:00,1.157475,1.158115,1.157295,1.158005
597,2018-09-04 12:00:00,1.158005,1.158585,1.157415,1.158555
598,2018-09-04 13:00:00,1.158555,1.15896,1.15815,1.158165
599,2018-09-04 14:15:00,1.15815,1.15858,1.15792,1.158125
600,2018-09-04 15:00:00,1.158125,1.158395,1.158125,1.15831
601,2018-09-04 16:00:00,1.15831,1.15873,1.158205,1.15872
602,2018-09-04 17:00:00,1.15872,1.15877,1.158035,1.158535
603,2018-09-04 18:00:00,1.158535,1.160355,1.158095,1.159655
604,2018-09-04 19:00:00,1.159655,1.160825,1.15933,1.16047
605,2018-09-04 20:00:00,1.16047,1.160625,1.159505,1.15966
606,2018-09-04 21:00:00,1.15966,1.159805,1.159265,1.159475
607,2018-09-04 22:00:00,1.159475,1.15957,1.15866,1.159325
608,2018-09-04 23:00:00,1.159325,1.159335,1.156345,1.156425
609,2018-09-05 00:00:00,1.156425,1.15699,1.154265,1.155565
610,2018-09-05 01:00:00,1.155565,1.157155,1.155555,1.156855
611,2018-09-05 02:00:00,1.156855,1.15928,1.156695,1.1575
612,2018-09-05 03:00:00,1.1575,1.159775,1.15675,1.159455
613,2018-09-05 04:00:00,1.159455,1.15961,1.15791,1.15794
614,2018-09-05 05:00:00,1.15794,1.159155,1.157175,1.158485
615,2018-09-05 06:00:00,1.158485,1.164045,1.158315,1.162715
616,2018-09-05 07:00:00,1.162715,1.162775,1.160925,1.16252
617,2018-09-05 08:00:00,1.16252,1.16296,1.160505,1.16185
618,2018-09-05 09:00:00,1.16185,1.162995,1.161765,1.16212
619,2018-09-05 10:00:00,1.16212,1.163215,1.16206,1.16218
620,2018-09-05 11:00:00,1.16218,1.16281,1.162055,1.162405
621,2018-09-05 12:00:00,1.162405,1.163295,1.162145,1.16314
622,2018-09-05 13:00:00,1.16314,1.16341,1.16297,1.16301
623,2018-09-05 14:15:00,1.16335,1.16341,1.16312,1.163345
624,2018-09-05 15:00:00,1.163345,1.163475,1.16316,1.163245
625,2018-09-05 16:00:00,1.163245,1.163505,1.163205,1.16345
626,2018-09-05 17:00:00,1.16345,1.165935,1.16341,1.164505
627,2018-09-05 18:00:00,1.164505,1.16496,1.164105,1.16442
628,2018-09-05 19:00:00,1.16442,1.16509,1.164365,1.16469
629,2018-09-05 20:00:00,1.16469,1.16473,1.163225,1.163445
630,2018-09-05 21:00:00,1.163445,1.163765,1.162995,1.163405
631,2018-09-05 22:00:00,1.163405,1.163475,1.161925,1.162285
632,2018-09-05 23:00:00,1.162285,1.163165,1.161475,1.162105
633,2018-09-06 00:00:00,1.162105,1.163705,1.16139,1.162265
634,2018-09-06 01:00:00,1.162265,1.164215,1.162145,1.16356
635,2018-09-06 02:00:00,1.16356,1.163695,1.161625,1.162125
636,2018-09-06 03:00:00,1.162125,1.16287,1.16164,1.162815
637,2018-09-06 04:00:00,1.162815,1.1638,1.162525,1.163015
638,2018-09-06 05:00:00,1.163015,1.165495,1.16272,1.164165
639,2018-09-06 06:00:00,1.164165,1.16455,1.163115,1.16415
640,2018-09-06 07:00:00,1.16415,1.1647,1.162405,1.163125
641,2018-09-06 08:00:00,1.163125,1.163285,1.160555,1.162335
642,2018-09-06 09:00:00,1.162335,1.162505,1.161275,1.162465
643,2018-09-06 10:00:00,1.162465,1.162655,1.161415,1.161965
644,2018-09-06 11:00:00,1.161965,1.163295,1.16192,1.162555
645,2018-09-06 12:00:00,1.162555,1.162715,1.162125,1.162215
646,2018-09-06 13:00:00,1.162215,1.16278,1.161855,1.16234
647,2018-09-06 14:15:00,1.16213,1.162415,1.16209,1.162345
648,2018-09-06 15:00:00,1.162345,1.162485,1.162245,1.162465
649,2018-09-06 16:00:00,1.162465,1.16253,1.161965,1.161995
650,2018-09-06 17:00:00,1.161995,1.16239,1.161485,1.16183
651,2018-09-06 18:00:00,1.16183,1.162495,1.161415,1.16232
652,2018-09-06 19:00:00,1.16232,1.162645,1.16178,1.16193
653,2018-09-06 20:00:00,1.16193,1.1624,1.16152,1.1624
654,2018-09-06 21:00:00,1.1624,1.16292,1.162345,1.162895
655,2018-09-06 22:00:00,1.162895,1.163115,1.16217,1.16246
656,2018-09-06 23:00:00,1.16246,1.164485,1.16139,1.16405
657,2018-09-07 00:00:00,1.16405,1.164925,1.16326,1.164575
658,2018-09-07 01:00:00,1.164575,1.164845,1.164045,1.16442
659,2018-09-07 02:00:00,1.16442,1.164945,1.163165,1.16364
660,2018-09-07 03:00:00,1.16364,1.163885,1.16226,1.162585
661,2018-09-07 04:00:00,1.162585,1.16283,1.160015,1.16099
662,2018-09-07 05:00:00,1.16099,1.162195,1.156665,1.156685
663,2018-09-07 06:00:00,1.156685,1.158665,1.156175,1.157825
664,2018-09-07 07:00:00,1.157825,1.159345,1.157295,1.158265
665,2018-09-07 08:00:00,1.158265,1.158595,1.15705,1.157115
666,2018-09-07 09:00:00,1.157115,1.157345,1.15557,1.15612
667,2018-09-07 10:00:00,1.15612,1.156325,1.155065,1.15616
668,2018-09-07 11:00:00,1.15616,1.156725,1.155945,1.156475
669,2018-09-07 12:00:00,1.156475,1.156645,1.15582,1.15582
670,2018-09-07 13:00:00,1.15582,1.156115,1.155245,1.155375
671,2018-09-09 14:15:00,1.155245,1.155445,1.15478,1.15512
672,2018-09-09 15:00:00,1.15512,1.155995,1.15492,1.155545
673,2018-09-09 16:00:00,1.155545,1.156095,1.155445,1.156075
674,2018-09-09 17:00:00,1.156075,1.156425,1.155455,1.15642
675,2018-09-09 18:00:00,1.15642,1.15643,1.154955,1.155
676,2018-09-09 19:00:00,1.155,1.15554,1.154715,1.155105
677,2018-09-09 20:00:00,1.155105,1.1553,1.15421,1.154425
678,2018-09-09 21:00:00,1.154425,1.15474,1.153995,1.15474
679,2018-09-09 22:00:00,1.15474,1.155195,1.154425,1.155165
680,2018-09-09 23:00:00,1.155165,1.155405,1.152605,1.15328
681,2018-09-10 00:00:00,1.15328,1.156765,1.153275,1.156625
682,2018-09-10 01:00:00,1.156625,1.157385,1.156205,1.157095
683,2018-09-10 02:00:00,1.157095,1.158445,1.15685,1.157665
684,2018-09-10 03:00:00,1.157665,1.15801,1.15721,1.157665
685,2018-09-10 04:00:00,1.157665,1.15796,1.156945,1.15717
686,2018-09-10 05:00:00,1.15717,1.160445,1.15686,1.16031
687,2018-09-10 06:00:00,1.16031,1.161645,1.159705,1.159995
688,2018-09-10 07:00:00,1.159995,1.161295,1.159755,1.160525
689,2018-09-10 08:00:00,1.160525,1.160965,1.160155,1.160375
690,2018-09-10 09:00:00,1.160375,1.160575,1.159995,1.16015
691,2018-09-10 10:00:00,1.16015,1.160345,1.159565,1.159715
692,2018-09-10 11:00:00,1.159715,1.159895,1.159345,1.1597
693,2018-09-10 12:00:00,1.1597,1.1598,1.159255,1.159665
694,2018-09-10 13:00:00,1.159665,1.159835,1.15937,1.15938
695,2018-09-10 14:15:00,1.159725,1.159805,1.159445,1.159625
696,2018-09-10 15:00:00,1.159625,1.15968,1.159275,1.15945
697,2018-09-10 16:00:00,1.15945,1.159615,1.15934,1.15936
698,2018-09-10 17:00:00,1.15936,1.15998,1.15888,1.15893
699,2018-09-10 18:00:00,1.15893,1.158995,1.157775,1.15865
700,2018-09-10 19:00:00,1.15865,1.159015,1.158315,1.1589
701,2018-09-10 20:00:00,1.1589,1.160005,1.1589,1.159815
702,2018-09-10 21:00:00,1.159815,1.160435,1.159765,1.160095
703,2018-09-10 22:00:00,1.160095,1.16129,1.15975,1.16127
704,2018-09-10 23:00:00,1.16127,1.162895,1.160855,1.16257
705,2018-09-11 00:00:00,1.16257,1.16444,1.162265,1.16302
706,2018-09-11 01:00:00,1.16302,1.163445,1.160565,1.16148
707,2018-09-11 02:00:00,1.16148,1.161735,1.159515,1.159575
708,2018-09-11 03:00:00,1.159575,1.159685,1.157575,1.158465
709,2018-09-11 04:00:00,1.158465,1.15893,1.15796,1.158095
710,2018-09-11 05:00:00,1.158095,1.15866,1.156555,1.157805
711,2018-09-11 06:00:00,1.157805,1.15884,1.157375,1.15802
712,2018-09-11 07:00:00,1.15802,1.15988,1.15791,1.158365
713,2018-09-11 08:00:00,1.158365,1.159145,1.157615,1.159105
714,2018-09-11 09:00:00,1.159105,1.15979,1.158375,1.159235
